platform,month,monthly_engagement,prev_month_engagement,mom_growth_pct
Facebook,2024-05,674120.0,,
Facebook,2024-06,604669.0,674120.0,-10.3
Facebook,2024-07,626244.0,604669.0,3.57
Facebook,2024-08,649188.0,626244.0,3.66
Facebook,2024-09,683962.0,649188.0,5.36
Facebook,2024-10,650781.0,683962.0,-4.85
Facebook,2024-11,710175.0,650781.0,9.13
Facebook,2024-12,664508.0,710175.0,-6.43
Facebook,2025-01,684615.0,664508.0,3.03
Facebook,2025-02,638895.0,684615.0,-6.68
Facebook,2025-03,694866.0,638895.0,8.76
Facebook,2025-04,726343.0,694866.0,4.53
Instagram,2024-05,635917.0,,
Instagram,2024-06,602950.0,635917.0,-5.18
Instagram,2024-07,635998.0,602950.0,5.48
Instagram,2024-08,654512.0,635998.0,2.91
Instagram,2024-09,556496.0,654512.0,-14.98
Instagram,2024-10,640003.0,556496.0,15.01
Instagram,2024-11,619778.0,640003.0,-3.16
Instagram,2024-12,691606.0,619778.0,11.59
Instagram,2025-01,671531.0,691606.0,-2.9
Instagram,2025-02,543154.0,671531.0,-19.12
Instagram,2025-03,749881.0,543154.0,38.06
Instagram,2025-04,615342.0,749881.0,-17.94
Reddit,2024-05,714804.0,,
Reddit,2024-06,676886.0,714804.0,-5.3
Reddit,2024-07,677348.0,676886.0,0.07
Reddit,2024-08,590857.0,677348.0,-12.77
Reddit,2024-09,658699.0,590857.0,11.48
Reddit,2024-10,671782.0,658699.0,1.99
Reddit,2024-11,725166.0,671782.0,7.95
Reddit,2024-12,652485.0,725166.0,-10.02
Reddit,2025-01,584861.0,652485.0,-10.36
Reddit,2025-02,557940.0,584861.0,-4.6
Reddit,2025-03,679503.0,557940.0,21.79
Reddit,2025-04,586721.0,679503.0,-13.65
Twitter,2024-05,706943.0,,
Twitter,2024-06,576088.0,706943.0,-18.51
Twitter,2024-07,547525.0,576088.0,-4.96
Twitter,2024-08,707447.0,547525.0,29.21
Twitter,2024-09,573005.0,707447.0,-19.0
Twitter,2024-10,716822.0,573005.0,25.1
Twitter,2024-11,658379.0,716822.0,-8.15
Twitter,2024-12,698929.0,658379.0,6.16
Twitter,2025-01,601055.0,698929.0,-14.0
Twitter,2025-02,595533.0,601055.0,-0.92
Twitter,2025-03,657363.0,595533.0,10.38
Twitter,2025-04,680421.0,657363.0,3.51
YouTube,2024-05,676776.0,,
YouTube,2024-06,674103.0,676776.0,-0.39
YouTube,2024-07,749003.0,674103.0,11.11
YouTube,2024-08,713071.0,749003.0,-4.8
YouTube,2024-09,608858.0,713071.0,-14.61
YouTube,2024-10,766711.0,608858.0,25.93
YouTube,2024-11,668018.0,766711.0,-12.87
YouTube,2024-12,738080.0,668018.0,10.49
YouTube,2025-01,630691.0,738080.0,-14.55
YouTube,2025-02,563543.0,630691.0,-10.65
YouTube,2025-03,612394.0,563543.0,8.67
YouTube,2025-04,612264.0,612394.0,-0.02
