post_id,platform,total_engagement,relative_rank
gmoeib832zbs,Facebook,7764.0,1.0
a1kiwl618kzy,Facebook,7683.0,0.9995
k5qkhdj5zpnw,Facebook,7477.0,0.999
5dsm9m39dfj3,Facebook,7455.0,0.9985
9isy2ek2v4p1,Facebook,7419.0,0.998
wvm6w4juhyzc,Facebook,7418.0,0.9975
slz6ny74buau,Facebook,7401.0,0.997
qrd8bfkdl6wb,Facebook,7394.0,0.9965
u3xsdbdgz81r,Facebook,7280.0,0.996
sha7t764lt9t,Facebook,7253.0,0.9955
20sikdr9z41z,Facebook,7206.0,0.995
br3gu73lot8j,Facebook,7159.0,0.9945
po5q6hyb5676,Facebook,7158.0,0.994
w35zksgio9ky,Facebook,7155.0,0.9935
bdzjdwyx0msp,Facebook,7109.0,0.993
nuis0ndz5u4o,Facebook,7107.0,0.9925
8hr4zfmtk3c6,Facebook,7106.0,0.992
wa49gbrd3rlv,Facebook,7104.0,0.9915
qwgbgp2pe58x,Facebook,7092.0,0.991
vm8pby43gbp7,Facebook,7086.0,0.99
rwuusici2l26,Facebook,7086.0,0.99
aem2b01v5tol,Facebook,7035.0,0.9895
d6318liqb8z6,Facebook,6997.0,0.989
44xkkrb6h95y,Facebook,6994.0,0.9885
0qbhjfocmfhw,Facebook,6966.0,0.988
g4vet3o7aafi,Facebook,6957.0,0.9875
q2ce35iguoag,Facebook,6948.0,0.987
w69qasasy61k,Facebook,6940.0,0.9865
rabdw1zlvr3j,Facebook,6936.0,0.986
d3rmd137wehn,Facebook,6919.0,0.9855
k5c98pmlne4w,Facebook,6916.0,0.985
ckcf7hpxz3gk,Facebook,6910.0,0.9845
sxj23l93d5f0,Facebook,6896.0,0.984
moftin9ijoyq,Facebook,6885.0,0.9835
klskzkgpe8q6,Facebook,6877.0,0.983
askqd0gw36i1,Facebook,6873.0,0.9825
fa1hai29wrx1,Facebook,6853.0,0.982
yj4hut7pniwr,Facebook,6847.0,0.9815
ba2yopuuxzr6,Facebook,6840.0,0.981
2xf8ltspr5fh,Facebook,6823.0,0.9805
p4xdk9fg9z4m,Facebook,6802.0,0.98
s5hnqdb5hu09,Facebook,6787.0,0.9795
2xxotjb9j4wc,Facebook,6784.0,0.9785
tqnhh7uqomdd,Facebook,6784.0,0.9785
cxtwsibnfmux,Facebook,6781.0,0.978
xfokpq8ats50,Facebook,6771.0,0.9775
ehd75kclig4b,Facebook,6770.0,0.977
kjxeuukkp1ym,Facebook,6766.0,0.9765
5hy3s8kyp5w8,Facebook,6763.0,0.9755
enz1zpjlj67l,Facebook,6763.0,0.9755
u1m12e67b8ea,Facebook,6756.0,0.975
znx3f0pntt6q,Facebook,6753.0,0.9745
0lkn19wrouba,Facebook,6749.0,0.974
f3b1962s1l7m,Facebook,6740.0,0.9735
wnf9ph61evz5,Facebook,6738.0,0.973
8sw6hyt1ktxn,Facebook,6736.0,0.9725
ht69j702erjd,Facebook,6731.0,0.972
m36jvs16gj4b,Facebook,6715.0,0.9715
rmipni0l7isu,Facebook,6708.0,0.971
lpeytm1ls7wz,Facebook,6700.0,0.9705
ecax5fvb9fv0,Facebook,6699.0,0.97
ssbx6jo1vdpv,Facebook,6698.0,0.9695
hv934dlqd74c,Facebook,6688.0,0.969
0tooixasueok,Facebook,6682.0,0.9685
np3gwsxpq1a8,Facebook,6681.0,0.968
pvuviqpe8etc,Facebook,6680.0,0.9675
xsz638jg5o8a,Facebook,6677.0,0.967
nrxvqw42xxmq,Facebook,6676.0,0.9666
svoz09tpcsec,Facebook,6663.0,0.9661
iua3pu88rn7b,Facebook,6661.0,0.9656
qbsi5hs25ftn,Facebook,6641.0,0.9651
ym6cigdbff20,Facebook,6617.0,0.9646
pyitlds3xvsp,Facebook,6615.0,0.9641
ofe0emctd8wa,Facebook,6614.0,0.9631
zzkhe59qxu95,Facebook,6614.0,0.9631
hy2zv1gy93yc,Facebook,6603.0,0.9626
vuixlzsd9qb4,Facebook,6599.0,0.9621
x8wpnshwfmom,Facebook,6592.0,0.9616
f3ahqhzbf1yl,Facebook,6584.0,0.9611
qqcgwqi6zue5,Facebook,6582.0,0.9601
mhwxf6ciepsk,Facebook,6582.0,0.9601
6kr62noox7mw,Facebook,6576.0,0.9596
87mthryi7vfj,Facebook,6575.0,0.9591
ef5nakr78ugo,Facebook,6570.0,0.9586
rjl514q73mgj,Facebook,6562.0,0.9581
dta0j3sctk2d,Facebook,6558.0,0.9576
s7o4s656ouiu,Facebook,6546.0,0.9571
pem1xx65jcar,Facebook,6545.0,0.9566
x7klnf8awr3u,Facebook,6538.0,0.9561
xbw3xcgcicln,Facebook,6524.0,0.9556
qtnr5067odrk,Facebook,6518.0,0.9551
v7t3qky7tgfi,Facebook,6517.0,0.9546
buj60e7ia7ie,Facebook,6515.0,0.9541
vl1jbbbb74sf,Facebook,6490.0,0.9536
w77y26ukr3tm,Facebook,6488.0,0.9531
jxderjlqxnrh,Facebook,6487.0,0.9521
5g06rqs81u1t,Facebook,6487.0,0.9521
9rliazbugj1e,Facebook,6484.0,0.9516
bc6jmah75zgp,Facebook,6479.0,0.9511
rqd62nbcvdre,Facebook,6468.0,0.9501
0jgptstielh0,Facebook,6468.0,0.9501
ycjj5zzt7mvx,Instagram,7893.0,1.0
pvfl3d8hj7jd,Instagram,7738.0,0.9995
tne7s3o4l4wd,Instagram,7712.0,0.9989
mb370uy6ajb1,Instagram,7468.0,0.9984
ukluqjoekps5,Instagram,7432.0,0.9979
d4hnvasl2kdq,Instagram,7415.0,0.9974
h03dprdsxb4t,Instagram,7395.0,0.9968
n8l64j4t1nwb,Instagram,7370.0,0.9963
q78oevjje0y6,Instagram,7352.0,0.9958
7f0dwum4w5mi,Instagram,7335.0,0.9952
mpj2muj5edfa,Instagram,7334.0,0.9947
zwjyra0ahxsp,Instagram,7312.0,0.9942
pip7nh60bxl2,Instagram,7298.0,0.9937
u6zsbj7x25nf,Instagram,7282.0,0.9931
zhwwsisyd0vs,Instagram,7278.0,0.9926
1prldm3ffx0h,Instagram,7264.0,0.9921
6crf5fe381rt,Instagram,7258.0,0.9915
3abh11d0ce7f,Instagram,7246.0,0.991
wsse413uz3hi,Instagram,7237.0,0.9905
tf9n85u1y1f9,Instagram,7232.0,0.99
z23l04ouydmm,Instagram,7217.0,0.9894
dm92cj621wwc,Instagram,7194.0,0.9889
38klue9hrpl2,Instagram,7168.0,0.9884
3bqu7tkldq82,Instagram,7165.0,0.9878
ki6i0o5gtq9g,Instagram,7146.0,0.9873
w4kjl2lsx80v,Instagram,7135.0,0.9868
qzhdt7jzd37b,Instagram,7099.0,0.9863
ihua86ysfang,Instagram,7090.0,0.9857
k95tlbye8a8a,Instagram,7074.0,0.9847
fkdp45nwc9on,Instagram,7074.0,0.9847
8tvquypvydqu,Instagram,7065.0,0.9841
aaxc0u11x5tb,Instagram,7042.0,0.9836
498fiwuak2zy,Instagram,7015.0,0.9831
1e4fgynsvlsc,Instagram,6986.0,0.9826
x2ees91oh9jf,Instagram,6974.0,0.9815
z2jhccjak6wj,Instagram,6974.0,0.9815
5qzskjsjqnci,Instagram,6966.0,0.981
kglsd2v5a3c7,Instagram,6943.0,0.9804
ttrjmeztdtt3,Instagram,6937.0,0.9799
45pjigrowj8z,Instagram,6927.0,0.9794
qno8yjarg6vk,Instagram,6904.0,0.9789
rtm1aw64ct9w,Instagram,6884.0,0.9783
rn7cjvisxkd9,Instagram,6880.0,0.9773
e9gw1apcg4l8,Instagram,6880.0,0.9773
6vx1pc4nvxlp,Instagram,6875.0,0.9767
6q2ix6p9mw2f,Instagram,6872.0,0.9762
5c652imkysgx,Instagram,6864.0,0.9757
gzu6rzrsx3ts,Instagram,6861.0,0.9752
vnh4vv6ppvq2,Instagram,6857.0,0.9746
rx9hmt98blla,Instagram,6850.0,0.9741
66n9040rf7nc,Instagram,6832.0,0.9736
3kwekqeacr0e,Instagram,6831.0,0.973
g3izkwh8ko1g,Instagram,6828.0,0.972
tc1gmy4saapp,Instagram,6828.0,0.972
krs5f8l99s3m,Instagram,6827.0,0.9715
yg9j6mbjpc9b,Instagram,6820.0,0.9709
ykc2cge00z02,Instagram,6804.0,0.9704
glsbazlnjllo,Instagram,6800.0,0.9693
pnhahouhb973,Instagram,6800.0,0.9693
wjjatcyjyv0k,Instagram,6798.0,0.9688
0x9xl9gcw0pk,Instagram,6767.0,0.9683
mmew3brfr4zj,Instagram,6736.0,0.9678
djwr2rbpc2vj,Instagram,6734.0,0.9672
msqu9f51lvr5,Instagram,6733.0,0.9667
mt7dalqsdml9,Instagram,6731.0,0.9662
m1u22ru00t1s,Instagram,6729.0,0.9656
6lcmhekcu60t,Instagram,6728.0,0.9651
e0b3qxl4ct5o,Instagram,6716.0,0.9646
b5qcmma0pulh,Instagram,6707.0,0.9641
pl7hctd5a3e1,Instagram,6702.0,0.9635
rra8mhrputsx,Instagram,6696.0,0.963
gty4iytj6svu,Instagram,6679.0,0.9619
uwlpl3xoxu7q,Instagram,6679.0,0.9619
apgduuvgzfas,Instagram,6670.0,0.9614
fuxg2fxzpx4k,Instagram,6659.0,0.9609
djggk5z4m5zm,Instagram,6624.0,0.9604
pxprmt6vb0kv,Instagram,6621.0,0.9598
90wke9dbfm82,Instagram,6602.0,0.9593
wf7suj7bx2as,Instagram,6588.0,0.9588
fbsbs4w4fvpz,Instagram,6587.0,0.9582
duwwzv70fhin,Instagram,6584.0,0.9577
n7kp7sxvsexh,Instagram,6563.0,0.9567
6xkj7o01mnky,Instagram,6563.0,0.9567
5lid5v2lbq7r,Instagram,6560.0,0.9561
haf90pn0uz2a,Instagram,6556.0,0.9556
pdo3iboghnlq,Instagram,6548.0,0.9551
0rf4xkxajhnh,Instagram,6546.0,0.9545
hdy113swv4wl,Instagram,6545.0,0.954
y7k1fzg4482p,Instagram,6543.0,0.9535
ndfts9fhegvs,Instagram,6542.0,0.953
ikodeinxsgbb,Instagram,6524.0,0.9524
zj714103yx10,Instagram,6518.0,0.9519
i9vpe1jerhua,Instagram,6501.0,0.9514
lxv5ohoijlud,Instagram,6499.0,0.9508
3yrdpo4kwpkl,Instagram,6495.0,0.9503
wo7py9aljg3t,Reddit,7793.0,1.0
g7d0tgdwipoy,Reddit,7583.0,0.9995
d7a3bjdzzi5w,Reddit,7500.0,0.999
xzt681si3ibm,Reddit,7479.0,0.9985
3ffnsgd3uzxp,Reddit,7435.0,0.9979
f8agecodqc5x,Reddit,7430.0,0.9974
atk7729zdm3g,Reddit,7406.0,0.9969
0k5m7bn3n32l,Reddit,7404.0,0.9964
w3caei3ulmaf,Reddit,7397.0,0.9959
9ak0fta6yakp,Reddit,7391.0,0.9954
j8uhutbhg2ir,Reddit,7363.0,0.9949
rd92bpy6beh3,Reddit,7337.0,0.9944
wx92zlbv3obp,Reddit,7329.0,0.9938
r94c46kpj8pg,Reddit,7273.0,0.9933
srn7b4dhc6g7,Reddit,7272.0,0.9928
mlv80ige18fa,Reddit,7213.0,0.9923
vywknj9pqap4,Reddit,7191.0,0.9918
zuboc3sh4vgy,Reddit,7182.0,0.9913
e2aswil0clhv,Reddit,7164.0,0.9908
7paf1fschank,Reddit,7161.0,0.9903
6828hr2hdt7k,Reddit,7151.0,0.9892
67d6fsv09zzv,Reddit,7151.0,0.9892
mnqf2t4pxkxs,Reddit,7141.0,0.9887
qya9i96oi6vd,Reddit,7133.0,0.9882
mli3h2rcouka,Reddit,7129.0,0.9877
ah7pa0dut3sr,Reddit,7122.0,0.9872
wg9nmdqq729u,Reddit,7117.0,0.9867
m4fql2cdw9uc,Reddit,7103.0,0.9862
kav2chyjlyfh,Reddit,7100.0,0.9856
77g2cv9mrgd9,Reddit,7084.0,0.9851
kxhny4c3fpbc,Reddit,7083.0,0.9846
ngx0pz2glz5j,Reddit,7049.0,0.9841
991xsaj5bqgq,Reddit,7008.0,0.9836
p5da1erh94cp,Reddit,7006.0,0.9831
gtqnakwjiqs8,Reddit,7000.0,0.9826
516tuqx80kse,Reddit,6996.0,0.9821
yz2tq70dg3s8,Reddit,6994.0,0.9815
7z9n6k5slcr2,Reddit,6979.0,0.981
ylsyhyv8lawg,Reddit,6953.0,0.9805
dz8uhky0c9hf,Reddit,6935.0,0.9795
1k0xts5ynypt,Reddit,6935.0,0.9795
fs6su19vpqnl,Reddit,6908.0,0.979
22g96ac6xxzj,Reddit,6900.0,0.9785
q9o0qmbwkoji,Reddit,6897.0,0.978
o7jvtvz8fjuv,Reddit,6893.0,0.9774
833fj049211h,Reddit,6886.0,0.9769
xnmd2a4dc1fz,Reddit,6877.0,0.9764
oqw19ssuu8g1,Reddit,6868.0,0.9759
3ctkzzayvk2v,Reddit,6848.0,0.9754
wt66ix988i5k,Reddit,6839.0,0.9749
a0reqrncx75k,Reddit,6831.0,0.9744
gh3gfippjvbo,Reddit,6829.0,0.9739
dpb48n6ybqpm,Reddit,6816.0,0.9733
gkg01tj9hau6,Reddit,6806.0,0.9728
6swpctv0spt4,Reddit,6805.0,0.9723
wxa2c55m564q,Reddit,6787.0,0.9718
1frwu32zwhdy,Reddit,6780.0,0.9713
ikm3oc675zcp,Reddit,6770.0,0.9708
u4s98xp2ng1c,Reddit,6764.0,0.9703
bdragmu1a0yl,Reddit,6728.0,0.9698
ojtt4rfxqoq9,Reddit,6709.0,0.9692
bbf8nib49k1t,Reddit,6701.0,0.9687
ce5950f7bpfo,Reddit,6696.0,0.9682
n2j4i7raf2o8,Reddit,6694.0,0.9677
5xi2xsdvz9u9,Reddit,6685.0,0.9672
f9lcq2mkhvez,Reddit,6673.0,0.9667
wpcc1t22rtkz,Reddit,6662.0,0.9662
w0pa23r8aqdk,Reddit,6656.0,0.9657
pfcrcwonseuv,Reddit,6651.0,0.9651
lpohurp01zbn,Reddit,6650.0,0.9646
qtne6lmxjj0h,Reddit,6635.0,0.9641
fy9y3tv97rxz,Reddit,6631.0,0.9631
bj28kyfvv976,Reddit,6631.0,0.9631
4iyye0vbvw5w,Reddit,6630.0,0.9626
ryjmigs0x04d,Reddit,6629.0,0.9621
1eqgzq9pbjn4,Reddit,6618.0,0.9616
to64mgey2v3y,Reddit,6617.0,0.961
r07stxmdzhno,Reddit,6616.0,0.9605
rmxuvx4chgej,Reddit,6600.0,0.96
ftwthitt8rj2,Reddit,6591.0,0.9595
mpm6dzjkod90,Reddit,6583.0,0.959
g6szdqzq0jsy,Reddit,6576.0,0.9585
5bpbfzezdkge,Reddit,6575.0,0.958
ipo3lupdpybx,Reddit,6573.0,0.9569
92gf1zwf8ae6,Reddit,6573.0,0.9569
baqevjadqr75,Reddit,6569.0,0.9564
24qfrm019jw7,Reddit,6565.0,0.9559
ma3t0jmvb1ni,Reddit,6563.0,0.9554
z1wbtydeqkt4,Reddit,6557.0,0.9549
epfq1vsb51u9,Reddit,6550.0,0.9544
b7l5ubmxubck,Reddit,6544.0,0.9539
pnaqm1nqqb2a,Reddit,6539.0,0.9534
7u0kovosbzy2,Reddit,6525.0,0.9513
on3au2qqkc0l,Reddit,6525.0,0.9513
6a4g9grqpwff,Reddit,6525.0,0.9513
wgbfqfgh7dx6,Reddit,6525.0,0.9513
muc7rd26xlf6,Reddit,6520.0,0.9508
8lmxkdq4d3h7,Reddit,6507.0,0.9503
fp89q1ickn9w,Twitter,7628.0,1.0
sohx1tia2np4,Twitter,7440.0,0.9995
rd1nkejvm94b,Twitter,7426.0,0.999
6po1mmy90ysd,Twitter,7385.0,0.9985
076lgd30r7iu,Twitter,7384.0,0.998
yhxvwx8u4gqk,Twitter,7356.0,0.9974
6d1wkacoavg2,Twitter,7317.0,0.9969
86a89w8sxemc,Twitter,7274.0,0.9964
5w726ctg6axb,Twitter,7262.0,0.9959
d9ujzt96mtx8,Twitter,7251.0,0.9949
3pdga6na2ohy,Twitter,7251.0,0.9949
7j7fd1rh49o3,Twitter,7226.0,0.9944
36sulv22r8i4,Twitter,7221.0,0.9939
50yjhfw9h2xr,Twitter,7209.0,0.9934
zp9ffc0vnrid,Twitter,7152.0,0.9928
ngg1v8h2v770,Twitter,7147.0,0.9923
e5p0ev1v24zy,Twitter,7144.0,0.9918
0a0dyqz9ycbi,Twitter,7135.0,0.9913
hxgfomrxln9w,Twitter,7126.0,0.9908
winms8wp3kmb,Twitter,7118.0,0.9903
merdymvvw4zo,Twitter,7114.0,0.9898
8bgspx8xnlc1,Twitter,7102.0,0.9893
fnchva7sjykt,Twitter,7090.0,0.9887
6yvebha2et1z,Twitter,7073.0,0.9882
m4vu1i7e481u,Twitter,7071.0,0.9877
hnno6lzg88gp,Twitter,7063.0,0.9872
emmwexhmolsp,Twitter,7057.0,0.9867
1mk4f5jfxxc6,Twitter,7049.0,0.9862
6ygfsx672ewj,Twitter,7015.0,0.9857
8rbeexwljnz8,Twitter,7011.0,0.9852
avx4h4nwawiv,Twitter,7008.0,0.9847
616h4iv59snl,Twitter,7003.0,0.9841
vi8jmilmoqh3,Twitter,6966.0,0.9836
mm476ukb7xc0,Twitter,6960.0,0.9831
2qq71myilbkj,Twitter,6956.0,0.9826
idxcx9kf01rt,Twitter,6954.0,0.9821
mfyb3mh7cyvt,Twitter,6947.0,0.9816
4gdxfuluh9tf,Twitter,6938.0,0.9811
aopeeyapic3e,Twitter,6933.0,0.9806
up9iamelxr9v,Twitter,6913.0,0.9801
9y7s3oegovf1,Twitter,6900.0,0.9795
mpnnymuklf2c,Twitter,6862.0,0.979
uabzerorv4io,Twitter,6851.0,0.9785
z02jd33aoy5y,Twitter,6849.0,0.9775
qay9prefjfrk,Twitter,6849.0,0.9775
f7wowq105bz3,Twitter,6823.0,0.977
92f928rncw9s,Twitter,6814.0,0.9765
tppernbvj4ez,Twitter,6812.0,0.9754
1fb1wq9h41k5,Twitter,6812.0,0.9754
b4q7lrvnapnn,Twitter,6809.0,0.9749
237xlkuevj9v,Twitter,6783.0,0.9744
i73nyh2f5o74,Twitter,6765.0,0.9739
2c3jxnmfyby7,Twitter,6763.0,0.9734
gdyax9qe28ju,Twitter,6762.0,0.9729
rhew153u4lvo,Twitter,6754.0,0.9724
b3j8bxgi3arq,Twitter,6752.0,0.9719
mkpje4c7j4ky,Twitter,6745.0,0.9714
mk8jffrn154d,Twitter,6732.0,0.9708
na8568eeamzf,Twitter,6730.0,0.9703
t36lrrnxvegt,Twitter,6717.0,0.9698
kptxjbei4jn4,Twitter,6711.0,0.9693
sqhfrul2wsv6,Twitter,6710.0,0.9683
l37jn4q0kmiu,Twitter,6710.0,0.9683
6cujtdjev94q,Twitter,6681.0,0.9678
8buspd5tkpc2,Twitter,6678.0,0.9673
sgnzfghaaeqk,Twitter,6671.0,0.9668
wc4u78ra3u6p,Twitter,6668.0,0.9662
oyt2092xonil,Twitter,6652.0,0.9652
7wd32dij2sgj,Twitter,6652.0,0.9652
prrsez8j160w,Twitter,6618.0,0.9642
qvhnayulihsd,Twitter,6618.0,0.9642
dr5j8vnbv0ba,Twitter,6616.0,0.9637
plzpev9790fe,Twitter,6612.0,0.9632
f8t2xn0u7f5k,Twitter,6610.0,0.9627
68q4chpip0qk,Twitter,6597.0,0.9621
i48komt058db,Twitter,6592.0,0.9616
bwrytlecmha2,Twitter,6590.0,0.9611
8f3xkgb5y8bb,Twitter,6584.0,0.9606
7mp54fa6kfc6,Twitter,6569.0,0.9601
j27d6986n6vx,Twitter,6568.0,0.9596
ksym6087oldp,Twitter,6555.0,0.9591
tmca77ufbwcr,Twitter,6548.0,0.9586
8y7tq52paewr,Twitter,6545.0,0.9581
bvbh514sg08a,Twitter,6542.0,0.9575
z46vees5xurk,Twitter,6529.0,0.957
ahq541qz6sog,Twitter,6521.0,0.956
o6n9xjymit96,Twitter,6521.0,0.956
pzfdzsto7la1,Twitter,6520.0,0.9555
tu4llsshbeik,Twitter,6509.0,0.955
e4i2qr87hseq,Twitter,6498.0,0.9545
jx6gu2sohc4j,Twitter,6490.0,0.954
m696yg640thg,Twitter,6485.0,0.9535
9lept9ar6m7g,Twitter,6482.0,0.9524
2kbs0o1llaqd,Twitter,6482.0,0.9524
fnqipr9nak6e,Twitter,6452.0,0.9519
2xinhjfxg87q,Twitter,6450.0,0.9514
x1asdpvx5e4q,Twitter,6445.0,0.9509
7bseyuvt3ggt,Twitter,6444.0,0.9504
5kvuyvf38nqx,YouTube,7755.0,1.0
5n161ir5hhhr,YouTube,7610.0,0.9995
rh7jt9kj7tw8,YouTube,7581.0,0.999
za6nw486cyn2,YouTube,7540.0,0.9985
2ubp2yyrtncq,YouTube,7472.0,0.998
s7wyr8sbp28r,YouTube,7444.0,0.9975
8easa8kz8ahm,YouTube,7392.0,0.997
waojd5d12a3s,YouTube,7383.0,0.9965
rcxl91rmbvkp,YouTube,7304.0,0.996
pgut5k5d8mji,YouTube,7262.0,0.9955
brsiwtsdvj10,YouTube,7258.0,0.995
njw1uc4vs9mh,YouTube,7241.0,0.9945
6ztchwuavkt5,YouTube,7231.0,0.994
6vn5uvy795fu,YouTube,7225.0,0.9935
3nifenawnv02,YouTube,7204.0,0.993
cevph7efmbu6,YouTube,7203.0,0.9925
qtejepyeiaux,YouTube,7201.0,0.992
a706ar4az93n,YouTube,7165.0,0.991
9bpl7p6uzp27,YouTube,7165.0,0.991
3y1frf0ss8hb,YouTube,7163.0,0.9904
mek2sunxuf1g,YouTube,7131.0,0.9899
1bm80h59r434,YouTube,7128.0,0.9894
6xd1ve5yr3g3,YouTube,7112.0,0.9889
6fc6g2sj005q,YouTube,7111.0,0.9884
lbnid1pbka7n,YouTube,7065.0,0.9879
zzpafpna0dr3,YouTube,7064.0,0.9874
z8omys33p49q,YouTube,7053.0,0.9869
4nl7be825uj9,YouTube,7009.0,0.9864
ygi3yx5n7g3h,YouTube,6987.0,0.9859
qd172x5hm91s,YouTube,6954.0,0.9854
4mqmb3jitsv7,YouTube,6952.0,0.9849
cfpacoprasod,YouTube,6926.0,0.9844
um3xt5guo9ig,YouTube,6925.0,0.9839
m15n0i612kvu,YouTube,6914.0,0.9834
nl40krat0s1b,YouTube,6902.0,0.9829
kuadmaw6ewjc,YouTube,6899.0,0.9824
aotcfslnyu28,YouTube,6890.0,0.9819
p5kl29xezzx5,YouTube,6881.0,0.9814
qihvyun2o4in,YouTube,6866.0,0.9809
t6wm24qp3hs7,YouTube,6848.0,0.9804
jejwhl2985wt,YouTube,6839.0,0.9799
d36mnsm4finb,YouTube,6821.0,0.9794
7e1e9o9zoxmp,YouTube,6816.0,0.9789
xwtgfa3uqljt,YouTube,6810.0,0.9784
yj9r0kjgw2hj,YouTube,6806.0,0.9779
qduujgz8c3ul,YouTube,6801.0,0.9774
cbbuutnnfzcl,YouTube,6783.0,0.9769
uup1b2uslhsw,YouTube,6781.0,0.9764
10q89d2yn9h0,YouTube,6777.0,0.9759
14uxg6fklwji,YouTube,6773.0,0.9754
d1z9ib26to7d,YouTube,6769.0,0.9749
2pjodh2tcbko,YouTube,6767.0,0.9744
7ma3ih5ev058,YouTube,6757.0,0.9739
c0d244u8ezf6,YouTube,6751.0,0.9734
suellphofw4t,YouTube,6748.0,0.9729
3pwx2mttc6me,YouTube,6744.0,0.9723
kl1t5e787c3d,YouTube,6742.0,0.9718
4hvj57j9gxbq,YouTube,6714.0,0.9713
ckabrdc226ba,YouTube,6710.0,0.9708
mzsn010wgr65,YouTube,6709.0,0.9703
n6jke97xuj7n,YouTube,6708.0,0.9698
n9ow4u05q9mc,YouTube,6703.0,0.9693
iovpfmdl66ot,YouTube,6696.0,0.9683
v3l7ee76kn0t,YouTube,6696.0,0.9683
3kruwhlmvx7r,YouTube,6693.0,0.9678
2txm6zpm9qhr,YouTube,6691.0,0.9673
dmcp1fxt68fw,YouTube,6687.0,0.9668
2ouysca2gkhh,YouTube,6686.0,0.9663
8p3w2cw4pwil,YouTube,6667.0,0.9658
drerl8vpts2b,YouTube,6662.0,0.9653
qav29tj6snfc,YouTube,6656.0,0.9648
laad69l6mc8r,YouTube,6644.0,0.9643
e9a827set9zz,YouTube,6623.0,0.9638
tf7gl6egn752,YouTube,6619.0,0.9628
tbxfsc8avmq7,YouTube,6619.0,0.9628
7bjv7cfx71yq,YouTube,6618.0,0.9623
3j5bfxzutg8r,YouTube,6601.0,0.9618
uylb930sr275,YouTube,6599.0,0.9608
1f0mdit40hrj,YouTube,6599.0,0.9608
lzw5znljidjk,YouTube,6596.0,0.9603
tnabwys60rf0,YouTube,6588.0,0.9598
f4or10i0pjap,YouTube,6581.0,0.9593
rc66oc9ps7gi,YouTube,6551.0,0.9588
elcqai5serzh,YouTube,6550.0,0.9583
dv57kv3hnaee,YouTube,6544.0,0.9578
8vuu04drifj7,YouTube,6538.0,0.9568
4aw8m40vyvzp,YouTube,6538.0,0.9568
79jpijlt84yu,YouTube,6537.0,0.9563
5umiic77onjj,YouTube,6528.0,0.9558
6br4gv7eo3rs,YouTube,6522.0,0.9553
g6z6z56fhhl3,YouTube,6508.0,0.9548
20nixssowm72,YouTube,6504.0,0.9542
4fslukshozja,YouTube,6494.0,0.9537
2kyipmb8gn3r,YouTube,6492.0,0.9532
rod98w0mf1gl,YouTube,6477.0,0.9527
pd3g425dubg7,YouTube,6466.0,0.9522
kmgktb6p47t7,YouTube,6465.0,0.9517
4p52kebjl5rg,YouTube,6459.0,0.9512
q96n60tt91ed,YouTube,6453.0,0.9507
vt6oncyx02a3,YouTube,6452.0,0.9502
