post_id,platform,total_eng,platform_avg_eng,ratio_to_platform_avg,percentile_in_platform
gmoeib832zbs,Facebook,7764.0,3996.19,1.943,100.0
a1kiwl618kzy,Facebook,7683.0,3996.19,1.923,99.95
k5qkhdj5zpnw,Facebook,7477.0,3996.19,1.871,99.9
5dsm9m39dfj3,Facebook,7455.0,3996.19,1.866,99.85
9isy2ek2v4p1,Facebook,7419.0,3996.19,1.857,99.8
wvm6w4juhyzc,Facebook,7418.0,3996.19,1.856,99.75
slz6ny74buau,Facebook,7401.0,3996.19,1.852,99.7
qrd8bfkdl6wb,Facebook,7394.0,3996.19,1.85,99.65
u3xsdbdgz81r,Facebook,7280.0,3996.19,1.822,99.6
sha7t764lt9t,Facebook,7253.0,3996.19,1.815,99.55
20sikdr9z41z,Facebook,7206.0,3996.19,1.803,99.5
po5q6hyb5676,Facebook,7158.0,3996.19,1.791,99.4
br3gu73lot8j,Facebook,7159.0,3996.19,1.791,99.45
w35zksgio9ky,Facebook,7155.0,3996.19,1.79,99.35
bdzjdwyx0msp,Facebook,7109.0,3996.19,1.779,99.3
wa49gbrd3rlv,Facebook,7104.0,3996.19,1.778,99.15
8hr4zfmtk3c6,Facebook,7106.0,3996.19,1.778,99.2
nuis0ndz5u4o,Facebook,7107.0,3996.19,1.778,99.25
qwgbgp2pe58x,Facebook,7092.0,3996.19,1.775,99.1
vm8pby43gbp7,Facebook,7086.0,3996.19,1.773,99.0
rwuusici2l26,Facebook,7086.0,3996.19,1.773,99.0
ycjj5zzt7mvx,Instagram,7893.0,4023.86,1.962,100.0
pvfl3d8hj7jd,Instagram,7738.0,4023.86,1.923,99.95
tne7s3o4l4wd,Instagram,7712.0,4023.86,1.917,99.89
mb370uy6ajb1,Instagram,7468.0,4023.86,1.856,99.84
ukluqjoekps5,Instagram,7432.0,4023.86,1.847,99.79
d4hnvasl2kdq,Instagram,7415.0,4023.86,1.843,99.74
h03dprdsxb4t,Instagram,7395.0,4023.86,1.838,99.68
n8l64j4t1nwb,Instagram,7370.0,4023.86,1.832,99.63
q78oevjje0y6,Instagram,7352.0,4023.86,1.827,99.58
mpj2muj5edfa,Instagram,7334.0,4023.86,1.823,99.47
7f0dwum4w5mi,Instagram,7335.0,4023.86,1.823,99.52
zwjyra0ahxsp,Instagram,7312.0,4023.86,1.817,99.42
pip7nh60bxl2,Instagram,7298.0,4023.86,1.814,99.37
u6zsbj7x25nf,Instagram,7282.0,4023.86,1.81,99.31
zhwwsisyd0vs,Instagram,7278.0,4023.86,1.809,99.26
1prldm3ffx0h,Instagram,7264.0,4023.86,1.805,99.21
6crf5fe381rt,Instagram,7258.0,4023.86,1.804,99.15
3abh11d0ce7f,Instagram,7246.0,4023.86,1.801,99.1
wsse413uz3hi,Instagram,7237.0,4023.86,1.799,99.05
wo7py9aljg3t,Reddit,7793.0,3984.15,1.956,100.0
g7d0tgdwipoy,Reddit,7583.0,3984.15,1.903,99.95
d7a3bjdzzi5w,Reddit,7500.0,3984.15,1.882,99.9
xzt681si3ibm,Reddit,7479.0,3984.15,1.877,99.85
3ffnsgd3uzxp,Reddit,7435.0,3984.15,1.866,99.79
f8agecodqc5x,Reddit,7430.0,3984.15,1.865,99.74
atk7729zdm3g,Reddit,7406.0,3984.15,1.859,99.69
0k5m7bn3n32l,Reddit,7404.0,3984.15,1.858,99.64
w3caei3ulmaf,Reddit,7397.0,3984.15,1.857,99.59
9ak0fta6yakp,Reddit,7391.0,3984.15,1.855,99.54
j8uhutbhg2ir,Reddit,7363.0,3984.15,1.848,99.49
rd92bpy6beh3,Reddit,7337.0,3984.15,1.842,99.44
wx92zlbv3obp,Reddit,7329.0,3984.15,1.84,99.38
srn7b4dhc6g7,Reddit,7272.0,3984.15,1.825,99.28
r94c46kpj8pg,Reddit,7273.0,3984.15,1.825,99.33
mlv80ige18fa,Reddit,7213.0,3984.15,1.81,99.23
vywknj9pqap4,Reddit,7191.0,3984.15,1.805,99.18
zuboc3sh4vgy,Reddit,7182.0,3984.15,1.803,99.13
e2aswil0clhv,Reddit,7164.0,3984.15,1.798,99.08
7paf1fschank,Reddit,7161.0,3984.15,1.797,99.03
fp89q1ickn9w,Twitter,7628.0,3946.58,1.933,100.0
sohx1tia2np4,Twitter,7440.0,3946.58,1.885,99.95
rd1nkejvm94b,Twitter,7426.0,3946.58,1.882,99.9
076lgd30r7iu,Twitter,7384.0,3946.58,1.871,99.8
6po1mmy90ysd,Twitter,7385.0,3946.58,1.871,99.85
yhxvwx8u4gqk,Twitter,7356.0,3946.58,1.864,99.74
6d1wkacoavg2,Twitter,7317.0,3946.58,1.854,99.69
86a89w8sxemc,Twitter,7274.0,3946.58,1.843,99.64
5w726ctg6axb,Twitter,7262.0,3946.58,1.84,99.59
d9ujzt96mtx8,Twitter,7251.0,3946.58,1.837,99.49
3pdga6na2ohy,Twitter,7251.0,3946.58,1.837,99.49
7j7fd1rh49o3,Twitter,7226.0,3946.58,1.831,99.44
36sulv22r8i4,Twitter,7221.0,3946.58,1.83,99.39
50yjhfw9h2xr,Twitter,7209.0,3946.58,1.827,99.34
zp9ffc0vnrid,Twitter,7152.0,3946.58,1.812,99.28
ngg1v8h2v770,Twitter,7147.0,3946.58,1.811,99.23
e5p0ev1v24zy,Twitter,7144.0,3946.58,1.81,99.18
0a0dyqz9ycbi,Twitter,7135.0,3946.58,1.808,99.13
hxgfomrxln9w,Twitter,7126.0,3946.58,1.806,99.08
winms8wp3kmb,Twitter,7118.0,3946.58,1.804,99.03
5kvuyvf38nqx,YouTube,7755.0,4026.89,1.926,100.0
5n161ir5hhhr,YouTube,7610.0,4026.89,1.89,99.95
rh7jt9kj7tw8,YouTube,7581.0,4026.89,1.883,99.9
za6nw486cyn2,YouTube,7540.0,4026.89,1.872,99.85
2ubp2yyrtncq,YouTube,7472.0,4026.89,1.856,99.8
s7wyr8sbp28r,YouTube,7444.0,4026.89,1.849,99.75
8easa8kz8ahm,YouTube,7392.0,4026.89,1.836,99.7
waojd5d12a3s,YouTube,7383.0,4026.89,1.833,99.65
rcxl91rmbvkp,YouTube,7304.0,4026.89,1.814,99.6
pgut5k5d8mji,YouTube,7262.0,4026.89,1.803,99.55
brsiwtsdvj10,YouTube,7258.0,4026.89,1.802,99.5
njw1uc4vs9mh,YouTube,7241.0,4026.89,1.798,99.45
6ztchwuavkt5,YouTube,7231.0,4026.89,1.796,99.4
6vn5uvy795fu,YouTube,7225.0,4026.89,1.794,99.35
cevph7efmbu6,YouTube,7203.0,4026.89,1.789,99.25
3nifenawnv02,YouTube,7204.0,4026.89,1.789,99.3
qtejepyeiaux,YouTube,7201.0,4026.89,1.788,99.2
3y1frf0ss8hb,YouTube,7163.0,4026.89,1.779,99.04
a706ar4az93n,YouTube,7165.0,4026.89,1.779,99.1
9bpl7p6uzp27,YouTube,7165.0,4026.89,1.779,99.1
